{
    "status":0,
  "productList":[
    {"img":"./res/img/tuan_img1.jpg","title":"宝宝专用硅胶环保饭碗四套+调羹+筷子自助学吃饭套装","ciurPic":"￥100.00","OriPic":"￥208.00","discount":"5折"},
    {"img":"./res/img/tuan_img2.jpg","title":"宝宝专用硅胶环保饭碗四套+调羹+筷子自助学吃饭套装","ciurPic":"￥100.00","OriPic":"￥208.00","discount":"5折"},
    {"img":"./res/img/tuan_img3.jpg","title":"宝宝专用硅胶环保饭碗四套+调羹+筷子自助学吃饭套装","ciurPic":"￥100.00","OriPic":"￥208.00","discount":"5折"},
    {"img":"./res/img/tuan_img4.jpg","title":"宝宝专用硅胶环保饭碗四套+调羹+筷子自助学吃饭套装","ciurPic":"￥100.00","OriPic":"￥208.00","discount":"5折"},
    {"img":"./res/img/tuan_img1.jpg","title":"宝宝专用硅胶环保饭碗四套+调羹+筷子自助学吃饭套装","ciurPic":"￥100.00","OriPic":"￥208.00","discount":"5折"},
    {"img":"./res/img/tuan_img2.jpg","title":"宝宝专用硅胶环保饭碗四套+调羹+筷子自助学吃饭套装","ciurPic":"￥100.00","OriPic":"￥208.00","discount":"5折"},
    {"img":"./res/img/tuan_img3.jpg","title":"宝宝专用硅胶环保饭碗四套+调羹+筷子自助学吃饭套装","ciurPic":"￥100.00","OriPic":"￥208.00","discount":"5折"},
    {"img":"./res/img/tuan_img4.jpg","title":"宝宝专用硅胶环保饭碗四套+调羹+筷子自助学吃饭套装","ciurPic":"￥100.00","OriPic":"￥208.00","discount":"5折"},
    {"img":"./res/img/tuan_img1.jpg","title":"宝宝专用硅胶环保饭碗四套+调羹+筷子自助学吃饭套装","ciurPic":"￥100.00","OriPic":"￥208.00","discount":"5折"},
    {"img":"./res/img/tuan_img2.jpg","title":"宝宝专用硅胶环保饭碗四套+调羹+筷子自助学吃饭套装","ciurPic":"￥100.00","OriPic":"￥208.00","discount":"5折"},
    {"img":"./res/img/tuan_img3.jpg","title":"宝宝专用硅胶环保饭碗四套+调羹+筷子自助学吃饭套装","ciurPic":"￥100.00","OriPic":"￥208.00","discount":"5折"},
    {"img":"./res/img/tuan_img4.jpg","title":"宝宝专用硅胶环保饭碗四套+调羹+筷子自助学吃饭套装","ciurPic":"￥100.00","OriPic":"￥208.00","discount":"5折"},
    {"img":"./res/img/tuan_img1.jpg","title":"宝宝专用硅胶环保饭碗四套+调羹+筷子自助学吃饭套装","ciurPic":"￥100.00","OriPic":"￥208.00","discount":"5折"},
    {"img":"./res/img/tuan_img2.jpg","title":"宝宝专用硅胶环保饭碗四套+调羹+筷子自助学吃饭套装","ciurPic":"￥100.00","OriPic":"￥208.00","discount":"5折"},
    {"img":"./res/img/tuan_img3.jpg","title":"宝宝专用硅胶环保饭碗四套+调羹+筷子自助学吃饭套装","ciurPic":"￥100.00","OriPic":"￥208.00","discount":"5折"},
    {"img":"./res/img/tuan_img4.jpg","title":"宝宝专用硅胶环保饭碗四套+调羹+筷子自助学吃饭套装","ciurPic":"￥100.00","OriPic":"￥208.00","discount":"5折"},
    {"img":"./res/img/tuan_img1.jpg","title":"宝宝专用硅胶环保饭碗四套+调羹+筷子自助学吃饭套装","ciurPic":"￥100.00","OriPic":"￥208.00","discount":"5折"},
    {"img":"./res/img/tuan_img2.jpg","title":"宝宝专用硅胶环保饭碗四套+调羹+筷子自助学吃饭套装","ciurPic":"￥100.00","OriPic":"￥208.00","discount":"5折"},
    {"img":"./res/img/tuan_img3.jpg","title":"宝宝专用硅胶环保饭碗四套+调羹+筷子自助学吃饭套装","ciurPic":"￥100.00","OriPic":"￥208.00","discount":"5折"},
    {"img":"./res/img/tuan_img4.jpg","title":"宝宝专用硅胶环保饭碗四套+调羹+筷子自助学吃饭套装","ciurPic":"￥100.00","OriPic":"￥208.00","discount":"5折"}

  ],
  "footerList":[{"img":"./res/img/tuan_img5.jpg","title":"宝宝打底衣棉麻透气不起球白色多色可选","price":"￥100.00"},{"img":"./res/img/tuan_img6.jpg","title":"宝宝打底衣棉麻透气不起球白色多色可选","price":"￥100.00"},{"img":"./res/img/tuan_img7.jpg","title":"宝宝打底衣棉麻透气不起球白色多色可选","price":"￥100.00"}]
}