{
  "status":0,
  "floor":
    {"bigimg":"./res/img/s_img1.jpg"
    ,"banner":[
      {"cont":[{"img":"./res/img/s_img2.jpg","title":"宝宝五彩袜棉质舒服","price":"￥49.00","original":"￥99.00"},{"img":"./res/img/s_img3.jpg","title":"宝宝五彩袜棉质舒服","price":"￥49.00","original":"￥99.00"},{"img":"./res/img/s_img4.jpg","title":"宝宝五彩袜棉质舒服","price":"￥49.00","original":"￥99.00"},{"img":"./res/img/s_img5.jpg","title":"宝宝五彩袜棉质舒服","price":"￥49.00","original":"￥99.00"}]}
      ,{"cont":[{"img":"./res/img/s_img2.jpg","title":"宝宝五彩袜棉质舒服","price":"￥49.00","original":"￥99.00"},{"img":"./res/img/s_img3.jpg","title":"宝宝五彩袜棉质舒服","price":"￥49.00","original":"￥99.00"},{"img":"./res/img/s_img4.jpg","title":"宝宝五彩袜棉质舒服","price":"￥49.00","original":"￥99.00"},{"img":"./res/img/s_img5.jpg","title":"宝宝五彩袜棉质舒服","price":"￥49.00","original":"￥99.00"}]}
    ]
  },
  "hotCon":{
    "title":"热销推荐",
    "bigImg":"./res/img/hot1.png",
    "smallImg":[{"img":"./res/img/hot2.png"},{"img":"./res/img/hot3.png"},{"img":"./res/img/hot4.png"}]
  },
  "proct":[{
    "carImg":"./res/img/icon_gou.png",
    "text":"宝宝服饰",
    "bigImg":"./res/img/img12.jpg",
    "imgBox":[{"img":"./res/img/s_img7.jpg"},{"img":"./res/img/s_img8.jpg"},{"img":"./res/img/s_img9.jpg"},{"img":"./res/img/s_img10.jpg"},{"img":"./res/img/s_img11.jpg"}]
  },{
    "carImg":"./res/img/icon_gou.png",
    "text":"奶粉辅食",
    "bigImg":"./res/img/img12.jpg",
    "imgBox":[{"img":"./res/img/s_img7.jpg"},{"img":"./res/img/s_img8.jpg"},{"img":"./res/img/s_img9.jpg"},{"img":"./res/img/s_img10.jpg"},{"img":"./res/img/s_img11.jpg"}]
  },{
    "carImg":"./res/img/icon_gou.png",
    "text":"宝宝用品",
    "bigImg":"./res/img/img12.jpg",
    "imgBox":[{"img":"./res/img/s_img7.jpg"},{"img":"./res/img/s_img8.jpg"},{"img":"./res/img/s_img9.jpg"},{"img":"./res/img/s_img10.jpg"},{"img":"./res/img/s_img11.jpg"}]
  }],
  "productList":{
    "title":"更多推荐",
    "item":[
      {"img":"./res/img/more1.jpg","text":"时尚宝宝小黄鸭T恤纯棉耐脏多色可选0-2岁宝宝","price":"￥100.00"},
      {"img":"./res/img/more2.jpg","text":"时尚宝宝小黄鸭T恤纯棉耐脏多色可选0-2岁宝宝","price":"￥100.00"},
      {"img":"./res/img/more3.jpg","text":"时尚宝宝小黄鸭T恤纯棉耐脏多色可选0-2岁宝宝","price":"￥100.00"},
      {"img":"./res/img/more4.jpg","text":"时尚宝宝小黄鸭T恤纯棉耐脏多色可选0-2岁宝宝","price":"￥100.00"},
      {"img":"./res/img/more5.jpg","text":"时尚宝宝小黄鸭T恤纯棉耐脏多色可选0-2岁宝宝","price":"￥100.00"},
      {"img":"./res/img/more1.jpg","text":"时尚宝宝小黄鸭T恤纯棉耐脏多色可选0-2岁宝宝","price":"￥100.00"},
      {"img":"./res/img/more2.jpg","text":"时尚宝宝小黄鸭T恤纯棉耐脏多色可选0-2岁宝宝","price":"￥100.00"},
      {"img":"./res/img/more3.jpg","text":"时尚宝宝小黄鸭T恤纯棉耐脏多色可选0-2岁宝宝","price":"￥100.00"},
      {"img":"./res/img/more4.jpg","text":"时尚宝宝小黄鸭T恤纯棉耐脏多色可选0-2岁宝宝","price":"￥100.00"},
      {"img":"./res/img/more5.jpg","text":"时尚宝宝小黄鸭T恤纯棉耐脏多色可选0-2岁宝宝","price":"￥100.00"},
      {"img":"./res/img/more1.jpg","text":"时尚宝宝小黄鸭T恤纯棉耐脏多色可选0-2岁宝宝","price":"￥100.00"},
      {"img":"./res/img/more2.jpg","text":"时尚宝宝小黄鸭T恤纯棉耐脏多色可选0-2岁宝宝","price":"￥100.00"},
      {"img":"./res/img/more3.jpg","text":"时尚宝宝小黄鸭T恤纯棉耐脏多色可选0-2岁宝宝","price":"￥100.00"},
      {"img":"./res/img/more4.jpg","text":"时尚宝宝小黄鸭T恤纯棉耐脏多色可选0-2岁宝宝","price":"￥100.00"},
      {"img":"./res/img/more5.jpg","text":"时尚宝宝小黄鸭T恤纯棉耐脏多色可选0-2岁宝宝","price":"￥100.00"},
      {"img":"./res/img/more1.jpg","text":"时尚宝宝小黄鸭T恤纯棉耐脏多色可选0-2岁宝宝","price":"￥100.00"},
      {"img":"./res/img/more2.jpg","text":"时尚宝宝小黄鸭T恤纯棉耐脏多色可选0-2岁宝宝","price":"￥100.00"},
      {"img":"./res/img/more3.jpg","text":"时尚宝宝小黄鸭T恤纯棉耐脏多色可选0-2岁宝宝","price":"￥100.00"},
      {"img":"./res/img/more4.jpg","text":"时尚宝宝小黄鸭T恤纯棉耐脏多色可选0-2岁宝宝","price":"￥100.00"},
      {"img":"./res/img/more5.jpg","text":"时尚宝宝小黄鸭T恤纯棉耐脏多色可选0-2岁宝宝","price":"￥100.00"},
      {"img":"./res/img/more1.jpg","text":"时尚宝宝小黄鸭T恤纯棉耐脏多色可选0-2岁宝宝","price":"￥100.00"},
      {"img":"./res/img/more2.jpg","text":"时尚宝宝小黄鸭T恤纯棉耐脏多色可选0-2岁宝宝","price":"￥100.00"},
      {"img":"./res/img/more3.jpg","text":"时尚宝宝小黄鸭T恤纯棉耐脏多色可选0-2岁宝宝","price":"￥100.00"},
      {"img":"./res/img/more4.jpg","text":"时尚宝宝小黄鸭T恤纯棉耐脏多色可选0-2岁宝宝","price":"￥100.00"},
      {"img":"./res/img/more5.jpg","text":"时尚宝宝小黄鸭T恤纯棉耐脏多色可选0-2岁宝宝","price":"￥100.00"},
      {"img":"./res/img/more1.jpg","text":"时尚宝宝小黄鸭T恤纯棉耐脏多色可选0-2岁宝宝","price":"￥100.00"},
      {"img":"./res/img/more2.jpg","text":"时尚宝宝小黄鸭T恤纯棉耐脏多色可选0-2岁宝宝","price":"￥100.00"},
      {"img":"./res/img/more3.jpg","text":"时尚宝宝小黄鸭T恤纯棉耐脏多色可选0-2岁宝宝","price":"￥100.00"},
      {"img":"./res/img/more4.jpg","text":"时尚宝宝小黄鸭T恤纯棉耐脏多色可选0-2岁宝宝","price":"￥100.00"},
      {"img":"./res/img/more5.jpg","text":"时尚宝宝小黄鸭T恤纯棉耐脏多色可选0-2岁宝宝","price":"￥100.00"},
      {"img":"./res/img/more1.jpg","text":"时尚宝宝小黄鸭T恤纯棉耐脏多色可选0-2岁宝宝","price":"￥100.00"},
      {"img":"./res/img/more2.jpg","text":"时尚宝宝小黄鸭T恤纯棉耐脏多色可选0-2岁宝宝","price":"￥100.00"},
      {"img":"./res/img/more3.jpg","text":"时尚宝宝小黄鸭T恤纯棉耐脏多色可选0-2岁宝宝","price":"￥100.00"},
      {"img":"./res/img/more4.jpg","text":"时尚宝宝小黄鸭T恤纯棉耐脏多色可选0-2岁宝宝","price":"￥100.00"},
      {"img":"./res/img/more5.jpg","text":"时尚宝宝小黄鸭T恤纯棉耐脏多色可选0-2岁宝宝","price":"￥100.00"},
      {"img":"./res/img/more1.jpg","text":"时尚宝宝小黄鸭T恤纯棉耐脏多色可选0-2岁宝宝","price":"￥100.00"},
      {"img":"./res/img/more2.jpg","text":"时尚宝宝小黄鸭T恤纯棉耐脏多色可选0-2岁宝宝","price":"￥100.00"},
      {"img":"./res/img/more3.jpg","text":"时尚宝宝小黄鸭T恤纯棉耐脏多色可选0-2岁宝宝","price":"￥100.00"},
      {"img":"./res/img/more4.jpg","text":"时尚宝宝小黄鸭T恤纯棉耐脏多色可选0-2岁宝宝","price":"￥100.00"},
      {"img":"./res/img/more5.jpg","text":"时尚宝宝小黄鸭T恤纯棉耐脏多色可选0-2岁宝宝","price":"￥100.00"}
    ]
  }
}