{
   "status":0,
  "listCont":[
    {"img":"./res/img/new1.jpg","text":"周岁内的宝宝消化不良拉肚子怎么办?","data":"2016-12-24 16:33:26","infoCont":"宝宝在周岁之前体质相对较弱，特别是薄弱肠道，一不注意就会拉肚子;那么宝宝消化不良拉肚子"},
    {"img":"./res/img/new2.jpg","text":"周岁内的宝宝消化不良拉肚子怎么办?","data":"2016-12-24 16:33:26","infoCont":"宝宝在周岁之前体质相对较弱，特别是薄弱肠道，一不注意就会拉肚子;那么宝宝消化不良拉肚子"},
    {"img":"./res/img/new1.jpg","text":"周岁内的宝宝消化不良拉肚子怎么办?","data":"2016-12-24 16:33:26","infoCont":"宝宝在周岁之前体质相对较弱，特别是薄弱肠道，一不注意就会拉肚子;那么宝宝消化不良拉肚子"},
    {"img":"./res/img/new2.jpg","text":"周岁内的宝宝消化不良拉肚子怎么办?","data":"2016-12-24 16:33:26","infoCont":"宝宝在周岁之前体质相对较弱，特别是薄弱肠道，一不注意就会拉肚子;那么宝宝消化不良拉肚子"},
    {"img":"./res/img/new1.jpg","text":"周岁内的宝宝消化不良拉肚子怎么办?","data":"2016-12-24 16:33:26","infoCont":"宝宝在周岁之前体质相对较弱，特别是薄弱肠道，一不注意就会拉肚子;那么宝宝消化不良拉肚子"},
    {"img":"./res/img/new2.jpg","text":"周岁内的宝宝消化不良拉肚子怎么办?","data":"2016-12-24 16:33:26","infoCont":"宝宝在周岁之前体质相对较弱，特别是薄弱肠道，一不注意就会拉肚子;那么宝宝消化不良拉肚子"},
    {"img":"./res/img/new1.jpg","text":"周岁内的宝宝消化不良拉肚子怎么办?","data":"2016-12-24 16:33:26","infoCont":"宝宝在周岁之前体质相对较弱，特别是薄弱肠道，一不注意就会拉肚子;那么宝宝消化不良拉肚子"},
    {"img":"./res/img/new2.jpg","text":"周岁内的宝宝消化不良拉肚子怎么办?","data":"2016-12-24 16:33:26","infoCont":"宝宝在周岁之前体质相对较弱，特别是薄弱肠道，一不注意就会拉肚子;那么宝宝消化不良拉肚子"},
    {"img":"./res/img/new1.jpg","text":"周岁内的宝宝消化不良拉肚子怎么办?","data":"2016-12-24 16:33:26","infoCont":"宝宝在周岁之前体质相对较弱，特别是薄弱肠道，一不注意就会拉肚子;那么宝宝消化不良拉肚子"},
    {"img":"./res/img/new2.jpg","text":"周岁内的宝宝消化不良拉肚子怎么办?","data":"2016-12-24 16:33:26","infoCont":"宝宝在周岁之前体质相对较弱，特别是薄弱肠道，一不注意就会拉肚子;那么宝宝消化不良拉肚子"},
    {"img":"./res/img/new1.jpg","text":"周岁内的宝宝消化不良拉肚子怎么办?","data":"2016-12-24 16:33:26","infoCont":"宝宝在周岁之前体质相对较弱，特别是薄弱肠道，一不注意就会拉肚子;那么宝宝消化不良拉肚子"},
    {"img":"./res/img/new2.jpg","text":"周岁内的宝宝消化不良拉肚子怎么办?","data":"2016-12-24 16:33:26","infoCont":"宝宝在周岁之前体质相对较弱，特别是薄弱肠道，一不注意就会拉肚子;那么宝宝消化不良拉肚子"}
  ]
}