{
  "detail": null,
  "tabs": {
    "invest": {
      "bar": {
        "2016-07": 650000.00,
        "2016-09": 500000.00
      },
      "pie2": {
        "5%以下": 1150000.00,
        "5%-6%": 0.00,
        "6%-7%": 0.00,
        "7%-8%": 0.00,
        "8%-9%": 0.00,
        "9%以上": 0.00
      },
      "pie1": {
        "国行": 500000.00,
        "股份": 400000.00,
        "城商": 0.00,
        "农商": 0.00,
        "农信": 0.00,
        "其他": 250000.00
      }
    }
  },
  "list": null
}